法律名称,法条内容
河北省防汛避险人员转移条例,"第三十三条 故意编造灾情虚假消息、散布谣言的，公安机关、网信部门应当采取必要措施，依法对其予以处罚；构成犯罪的，依法追究刑事责任。
"
博尔塔拉蒙古自治州文明行为促进条例,"第十七条 公民应当维护网络文明，自觉遵守下列规定：
 （一）维护网络安全，遵守网络秩序；
 （二）不编造、发布、传播低俗、淫秽、暴力、危害国家安全和公共秩序等信息和网络谣言；
 （三）尊重他人隐私，不非法公开他人个人信息；
 （四）使用文明语言，拒绝网络暴力；
 （五）其他网络文明行为规范。"
甘孜藏族自治州文明行为促进条例,"第十九条 自治州、县（市）精神文明建设指导机构应当定期对文明行为促进工作现状进行评估，建立重点治理清单并适时调整，及时向社会公布。… （十二）编造、传播网络谣言，实施网络人身攻击；…
"
怒江傈僳族自治州文明行为促进条例,"第十六条 倡导、规范下列网络文明行为：
 （一）文明上网，诚信用网，理性表达；
 （二）遵守网络安全秩序，抵制网络谣言和不良信息，不造谣、不信谣、不传谣；
 （三）尊重他人合法权益，拒绝网络暴力；"
陕西省防震减灾条例(2023修正),"第二十八条 除发表本人或者本单位关于长期、中期地震活动趋势的研究成果，或者进行相关学术交流外，任何单位和个人不得向社会散布地震预测意见、地震预报意见及其评审结果。
 新闻媒体刊登、播发地震预报消息，应当以国务院或者省人民政府发布的地震预报为准。
 任何单位和个人不得制造、散布地震谣言。对扰乱社会秩序的地震谣传、误传，县级以上人民政府应当采取措施，迅速予以澄清。"
安康市文明行为促进条例,"第十六条 公民应当维护网络文明，自觉遵守下列行为规范：
 （一）遵守网络安全规定，不得破坏网络秩序；
 （二）文明互动，理性表达，不得利用网络和相关信息技术实施侮辱、诽谤、威胁、散布谣言以及侵犯他人隐私等网络暴力行为；
 （三）传播先进文化，抵制网络谣言和不良信息；
 （四）尊重自主创新，保护他人知识产权；
 （五）其他维护网络文明的行为规范。"
克拉玛依市文明行为促进条例,"第十六条 公民应当文明上网、文明用网，遵守下列文明行为规范：
 （一）遵纪守法，保守国家秘密、商业秘密，不侵犯他人隐私； 
 （二）尊重自主创新，保护他人知识产权，不抄袭、剽窃他人作品，不下载和使用未经授权的网络产品；
 （三）传播先进文化，不发布、传播和观看具有迷信、色情、低俗、恐怖、暴力等内容的视听资料和信息；
 （四）抵制网络谣言，不编造、散布虚假信息或者其他未经证实的信息；
 （五）不参与网络赌博等违法活动；
 （六）文明互动，理性表达，不实施谩骂、侮辱、诽谤、恐吓、人肉搜索等网络暴力行为； 
 （七）其他网络文明行为规范。
 网络运营者应当文明办网，依法依规经营，遵守公序良俗，配合相关部门维护安全健康的网络环境。"
甘肃省平安建设条例,"第二十九条 网信、公安、通信管理等部门应当按照职责加强网络安全管理和防护工作，开展网络违法信息巡查和网络安全宣传教育，加强公民个人信息保护，加强对网络运营者的监督管理，预防和打击网络违法犯罪活动。
 网络运营者应当履行网络安全主体责任，落实网络安全法律法规和等级保护制度要求，制定网络安全应急预案，保障网络数据安全和用户信息安全，防范网络安全风险。
 网络使用者应当遵守法律法规的规定，遵守公共秩序，尊重社会公德，不得利用网络从事危害国家安全、扰乱经济秩序和社会秩序、侵害他人合法权益的活动，不得编造、传播违法有害信息或者谣言。"
江西省防震减灾条例(2023修正),"第十八条 省人民政府应当依照国家发布地震预报的规定，统一向社会及时发布地震预报。新闻媒体刊登或者播发地震预报消息，应当以国务院、省人民政府发布的地震预报为准。 任何单位和个人不得散布有关地震的谣言。对造成或者可能造成社会秩序混乱的有关地震谣言，县级以上人民政府应当迅速采取有效措施及时予以澄清，消除影响。
"
山西省未成年人保护条例(2023修订),"第二十一条 学校应当将未成年学生欺凌防控工作纳入学校安全工作，建立学生欺凌预防和处置机制，定期对教职员工、学生等开展防治学生欺凌的教育和培训。… （五）通过网络或者其他信息传播方式捏造事实诽谤他人、散布谣言或者错误信息诋毁他人、恶意传播他人隐私；…
"
怀化市文明行为促进条例,"第十三条 公民应当文明使用网络，遵守下列行为规范：
 （一）使用文明语言；
 （二）尊重他人权利，拒绝网络暴力；
 （三）不得传播网络谣言和不良信息；
 （四）不得违背公序良俗进行网络直播和发布信息；
 （五）其他网络文明行为规范。"
固原市文明行为促进条例,"第十条 公民应当遵守下列文明行为：… （四）文明上网，理性表达，传播先进文化，抵制网络暴力、网络谣言、不良信息；…
"
松原市网络文明建设条例,"第五条 本行政区域内自媒体和自然人应当成为弘扬正能量、服务本地经济社会发展的宣传力量，在利用和使用互联网过程中不得有下列行为：（一）散布谣言，扰乱社会秩序或经济秩序，破坏社会稳定；…
"
鸡西市文明行为促进条例,"第六条 公民应当遵守下列文明行为规范：… （五）遵守网络安全法律法规，文明上网、诚信用网、理性表达，保守国家秘密，尊重他人隐私，抵制网络谣言，反对网络暴力，不浏览、编造、传播虚假、色情、低俗等不良信息；…
"
宁波市文明行为促进条例(2023修正),"第七条 倡导下列文明行为：… （十）文明上网，理性表达，自觉抵制网络谣言和不良信息；…
"
宁波市人民代表大会常务委员会关于修改《宁波市文明行为促进条例》的决定(2023),"三、将第七条第二项修改为：“（二）保护生态环境，践行绿色生活方式，减少废气、废水、固体废弃物等各类污染物排放”。
 第五项修改为：“（五）等候服务时依次排队、按照公共场所设置的提示、标志保持间距，使用厢式电梯时先出后进，使用自动扶梯时靠右侧站立”。
 第七项修改为：“（七）行人应当在人行道内行走，没有人行道或者人行道被占道的，靠路边行走；通过路口或者横穿道路时，按照交通信号指示从人行横道快速通过或者从行人过街设施通过，不浏览手持电子设备”。
 增加一项，作为第九项：“（九）观看电影、赛事、演出、展览时，遵守观赏礼仪，离场时自觉带走垃圾”。
 增加一项，作为第十项：“（十）文明上网，理性表达，自觉抵制网络谣言和不良信息”。"
扬州市文明行为促进条例(2023修正),"第二十条 公民应当文明上网，自觉遵守下列规范：… （四）养成科学文明上网习惯，不沉迷于网络游戏、网络直播、网络音视频等网络产品和服务，抵制网络谣言、网络赌博、网络诈骗、网络暴力、网络色情等网络不文明内容和行为；…
"
扬州市人民代表大会常务委员会关于修改《扬州市文明行为促进条例》的决定(2023),"三、增加一条，作为第二十条：“公民应当文明上网，自觉遵守下列规范：… “（四）养成科学文明上网习惯，不沉迷于网络游戏、网络直播、网络音视频等网络产品和服务，抵制网络谣言、网络赌博、网络诈骗、网络暴力、网络色情等网络不文明内容和行为；…
"
乐山市文明行为促进条例,"第十六条 在网络文明方面，遵守下列行为规范：
 （一）尊重他人合法权益，不得利用网络进行侵犯他人名誉、隐私、知识产权和其他合法权益等活动；
 （二）文明互动，理性表达，抵制谩骂、侮辱、诽谤、恐吓等网络暴力行为；
 （三）传播先进文化，抵制恐怖、暴力、迷信、色情、低俗等不良信息；
 （四）不传播含有丑化民族形象、破坏国家统一和诋毁英模烈士的言论、图片等信息；
 （五）抵制网络谣言，不造谣、不信谣、不传谣；
 （六）互联网上网服务营业场所的经营者不得接纳未成年人进入营业场所，应当在营业场所入口处的显著位置悬挂未成年人禁入标志；
 （七）网络信息内容服务平台应当加强本平台网络信息内容生态治理，培育积极健康、向上向善的网络文化；
 （八）其他维护网络文明的行为规范。"
铁岭市文明行为促进条例,"第十八条 在维护网络文明方面，自觉遵守下列文明行为规范：
 （一）文明互动，理性表达；
 （二）尊重他人权利，拒绝网络暴力；
 （三）抵制网络谣言，不造谣、不信谣、不传谣，不发表不当言论；
 （四）不利用网络、社交平台传播低级媚俗信息和淫秽、色情信息；
 （五）其他维护网络文明的行为规范。"
昭通市文明行为促进条例,"第十六条 文明使用网络，遵守下列行为规范：
 （一）抵制网络谣言和不良信息，不造谣、不传谣、不信谣；
 （二）文明互动，理性表达，尊重他人隐私，拒绝网络暴力；
 （三）不恶意投诉、炒作，客观公正评价。"
东莞市文明行为促进条例,"第二十条 公民应当文明使用网络，自觉遵守以下文明行为规范：
 （一）维护网络安全，不编造、发布、传播虚假信息或者违法信息；
 （二）抵制网络谣言、迷信、色情、赌博、暴力等有害信息；
 （三）使用文明语言，注重理性表达，不侮辱、诽谤他人，抵制网络暴力；
 （四）尊重他人隐私以及其他合法权益；
 （五）应当遵守的其他网络文明规范。"
潮州市文明行为促进条例,"第十七条 在网络文明建设方面，自觉遵守下列规定：
 （一）维护网络安全，遵守网络秩序；
 （二）不编造、发布、传播虚假信息或者违法信息；
 （三）自觉抵制网络谣言、色情、暴力等有害信息；
 （四）不侵犯他人的个人隐私，未经授权同意，不得公开他人肖像、身份、收入、家庭成员及住址等个人信息；
 （五）使用文明语言，拒绝网络暴力；
 （六）网络运营者营造安全健康的网络环境，对未成年人参与网络游戏的时长、内容及游戏消费等制定具体限制措施；
 （七）不侵犯知识产权；
 （八）不发布低俗视频；
 （九）其他网络文明行为规范。"
张家口市文明行为促进条例,"第十一条 在文明办网、用网、上网方面，公民应当自觉遵守下列规范：
 (一)维护网络安全，遵守网络秩序；
 (二)不得编造、发布、传播虚假信息或者违法信息；
 (三)自觉抵制网络谣言、色情、暴力等有害信息；
 (四)尊重他人隐私，不得非法公开他人信息；
 (五)使用文明语言，拒绝网络暴力；
 (六)网络运营者应当营造安全健康的网络环境，对未成年人参与网络游戏的时长、内容及游戏消费等制定具体限制措施；
 (七)其他网络文明行为规范。"
保山市文明行为促进条例,"第十三条 倡导和遵守下列网络使用行为：
 （一）文明办网、用网、上网；
 （二）抵制编造、传播虚假和低俗、庸俗、媚俗等不良信息；
 （三）保守网络用户居住地、身份和通讯等个人信息秘密；
 （四）尊重他人名誉、荣誉、隐私、知识产权等合法权益；
 （五）文明互动，理性表达，拒绝网络暴力，不以发布、传播图文视频信息等方式侮辱、诽谤他人；
 （六）抵制网络谣言，不造谣、信谣、传谣。"
湛江市文明行为促进条例,"第六条 公民应当热爱祖国，弘扬中华民族传统美德，不违背公序良俗，并遵守下列文明行为规范：… （五）维护网络安全，遵守网络秩序，不编造、发布、传播虚假信息或者违法信息，自觉抵制网络谣言、色情、暴力等有害信息；…
"
无锡市社会治理促进条例,"第二十三条 网信部门负责统筹协调网络安全和相关监督管理工作。工业和信息化、公安、市场监管等部门按照各自职责负责网络安全保护和监督管理工作。
 网络运营者应当制定网络安全事件应急预案，开展网络安全认证、检测、风险评估等活动，落实网络安全等级保护制度和实名认证、日志留存等安全管理措施。
 任何组织和个人不得利用网络从事危害国家安全、扰乱社会秩序、侵害他人合法权益的活动，不得发布、传播违法有害信息或者谣言。"
文山壮族苗族自治州文明行为促进条例,"第十六条 倡导、鼓励下列网络文明行为：
 （一）文明互动，理性表达；
 （二）抵制网络谣言和不良信息，不造谣、不信谣、不传谣；
 （三）尊重他人合法权利，拒绝网络暴力。"
安徽省学校安全条例,"第四十五条 发生学校安全事故，学生、学生监护人、其他有关人员应当配合学校和有关部门依法进行调查处理，不得有下列行为：
 （一）侮辱、恐吓、殴打、故意伤害教职工、学生及其监护人、事故调查处理人员或者限制他人人身自由；
 （二）采用堵塞大门、围堵办公场所和道路、拉挂横幅等方式扰乱学校正常教育教学秩序；
 （三）侵占、毁损学校校舍、场地、教学及生活设施或者其他公私财物；
 （四）在网络等媒体散布谣言、传播虚假信息；
 （五）其他扰乱学校教育教学和管理秩序，干扰事故调查和处理的行为。"
商丘市文明行为促进条例(2022修正),"第二十三条 公民应当文明上网，遵守互联网传播秩序，理性表达，传播正能量，自觉抵制网络谣言和不良信息。
"
赤峰市文明行为促进条例,"第十八条 文明使用网络，遵守下列行为规范：
 （一）不浏览非法网站，不在网上编造、散布谣言；
 （二）不传播违反国家法律、危害国家安全、破坏社会稳定、破坏民族团结和损害他人合法权益的信息；
 （三）以发帖、回复、留言、弹幕、发送音视频等形式参与网络活动，文明互动，理性表达，抵制网络暴力；
 （四）不拍摄和发布低俗、恶俗、色情音视频；
 （五）尊重他人隐私，不非法公开他人个人信息；
 （六）其他使用网络的文明行为规范。"
成都市文明行为促进条例,"第十四条 在网络活动中，应当遵守下列规定：
 （一）保守国家秘密、商业秘密，尊重他人权益，避免侵犯他人隐私；
 （二）不得侵犯知识产权；
 （三）文明互动，理性表达，抵制谩骂、恐吓等网络暴力行为；
 （四）传播先进文化，抵制恐怖、暴力、迷信、色情、低俗等不良信息；
 （五）抵制网络谣言，不造谣、不信谣、不传谣；
 （六）其他符合网络文明要求的行为规范。"
张掖市文明行为促进条例,"第十六条 互联网群组、平台的建立者、管理者应当履行管理责任，加强网络管理和治理，规范信息发布等网络行为。 公民应当文明上网，诚信用网，理性表达，保守国家秘密，尊重他人隐私，抵制网络谣言，反对网络暴力，不得编造、发布、传播虚假、低俗、淫秽等不良信息，参与网络文明建设，树立网络文明新风。
"
梅州市文明行为促进条例,"第二十二条 在维护网络文明方面，自觉遵守下列规定：
 （一）文明上网，净化网络环境，维护网络安全和网络秩序；
 （二）不得编造、发布、传播虚假信息或者违法信息；自觉抵制网络谣言、色情、暴力、电信诈骗等有害信息；
 （三）保守国家秘密，保护商业秘密；尊重他人隐私，不得非法公开他人个人信息；
 （四）参与网络活动时，文明互动，理性表达，尊重他人权利，拒绝网络暴力；
 （五）网络电商交易平台经营者和从业人员遵守行业规范，文明经营，诚信履约，保障消费者合法权益；
 （六）其他网络文明规范。"
呼和浩特市社会治理促进条例,"第十七条 加强国家网络空间主权、安全和发展利益的维护。任何组织和个人不得利用网络从事危害国家安全、扰乱社会秩序、侵害他人合法权益等活动，不得制造、散布、传播谣言。 公安机关、网信、通信管理等部门应当加强网络安全管理和防护工作，建立健全网络安全综合防控体系，制定完善网络安全事件应急预案，开展网络安全宣传教育，加强对互联网企业的指导，保护公民个人信息安全，保障网络数据安全。
"
江西省未成年人保护条例(2022修订),"第二十一条 学校应当建立学生欺凌防控工作制度，对教职员工、未成年学生等开展防治学生欺凌的教育和培训。… （五）通过网络或者其他信息传播方式捏造事实诽谤他人、散布谣言或者错误信息诋毁他人、传播他人隐私；…
"
武威市文明行为促进条例,"第十三条 公民应当维护网络空间秩序，遵守下列行为规范：
 （一）抵制网络谣言和不良信息，不造谣、不信谣、不传谣，不泄露他人隐私；
 （二）文明互动、理性表达，不在自媒体上进行低俗媚俗表演，不进行谩骂、侮辱、诽谤、恐吓、人肉搜索、恶意诋毁等网络暴力行为；
 （三）其他维护网络空间秩序的行为。"
攀枝花市文明行为促进条例,"第十七条 维护网络文明，遵守下列行为规范：
 （一）文明互动，理性表达；
 （二）尊重他人合法权益，保护公民个人信息，拒绝网络暴力；
 （三）不编造、发布和传播虚假、低俗、淫秽、暴力、恐怖等信息，抵制网络谣言和不良信息；
 （四）不参与涉及色情、赌博、暴力的网络游戏；
 （五）其他维护网络文明的行为规范。"
云南省实施《中华人民共和国未成年人保护法》办法(2022修订),"第十七条 学校应当建立学生欺凌防控和处置机制，开展学生欺凌防治专题教育，设立学生欺凌投诉、求助通道。出现以下欺凌行为的，教职员工应当立即制止并向学校报告，学校应当及时进行认定和处理：
 （一）殴打、脚踢、掌掴、抓咬、推撞、拉扯等侵犯他人身体或者恐吓威胁他人；
 （二）以辱骂、讥讽、嘲弄、挖苦、起侮辱性绰号等方式侵犯他人人格尊严；
 （三）抢夺、强拿硬要或者故意毁坏他人财物；
 （四）恶意排斥、孤立他人，影响他人参加学校活动或者社会交往；
 （五）通过网络或者其他信息传播方式捏造事实诽谤他人、散布谣言或者错误信息诋毁他人、恶意传播他人隐私；
 （六）学生一方以其他方式欺压、侮辱另一方造成人身伤害、财产损失或者精神损害的行为；
 （七）其他学生欺凌的行为。"
湖南省社会科学普及条例(2022修正),"第十八条 以社会科学普及为名，从事下列活动的，依法给予处罚：
 (一)散布谣言；
 (二)组织、教唆、胁迫、诱骗、煽动他人从事邪教、会道门、迷信活动；
 (三)发布、传播危害国家安全、扰乱社会秩序以及淫秽、色情、赌博、暴力、恐怖和法律法规禁止的其他信息；
 (四)从事其他危害国家安全、损害社会公共利益或者他人合法权益的活动。"
榆林市文明行为促进条例,"第十九条 公民应当遵守网络信息管理的法律法规，自觉维护网络安全和秩序。不浏览、转发、转载违法和庸俗信息，抵制网络谣言和不良信息。 网络运营者应当文明办网，尊重社会公德，遵守商业道德，诚实信用，维护网络安全，加强对网络用户制作、复制、发布、传播信息的管理。
"
咸宁市文明行为促进条例,"第十七条 公民应当文明上网，理性表达，抵制网络谣言，不编造和传播虚假、暴力、低俗、淫秽等违法信息，不利用网络进行赌博、诈骗，不侵害他人名誉、隐私、知识产权等合法权益。 网络运营者应当依法办网，强化网络安全主体责任，加强网络管理，净化网络环境，传播健康信息，维护网络安全和秩序。
"
随州市文明行为促进条例,"第十六条 公民应当维护网络文明，遵守下列行为规范：
 （一）文明互动，理性表达；
 （二）尊重他人权利，拒绝网络暴力；
 （三）抵制网络谣言和不良信息，不造谣、不信谣、不传谣；
 （四）其他维护网络文明的行为规范。"
中山市文明行为促进条例,"第十八条 在维护网络文明方面，应当遵守下列文明行为规范：
 （一）维护网络安全，遵守网络秩序；
 （二）抵制网络谣言和不良信息，不造谣、不信谣、不传谣；
 （三）尊重他人隐私，不得非法公开他人个人信息；
 （四）文明互动，理性表达，拒绝网络暴力；
 （五）网络经营者应当依法营造安全健康的网络环境，对未成年人参与网络游戏的时长、内容进行限制，规范游戏付费等；
 （六）其他网络文明行为规范。"
甘肃省防震减灾条例(2022修订),"第二十八条 地震预报意见和地震预警信息实行统一发布制度。… 任何单位和个人不得制造、散布地震谣言。对扰乱社会秩序的地震谣言、误传，县级以上人民政府应当迅速予以澄清，并依照有关规定采取相应措施。
"
河北省医疗纠纷预防和处理条例,"第四十七条 患者及其近亲属以及其他相关人员有下列行为之一，经劝阻无效的，医疗机构应当立即向所在地公安机关报警，并配合公安机关做好调查取证等工作：
 （一）聚众占据医疗机构的诊疗、办公场所；
 （二）在医疗机构私设灵堂、摆放花圈、焚烧纸钱、悬挂横幅、堵塞大门或者以其他方式扰乱医疗秩序；
 （三）在医疗机构的病房、抢救室、重症监护室等场所及医疗机构的公共开放区域违规停放尸体，影响医疗秩序；
 （四）公然侮辱、谩骂、诋毁、恐吓医务工作人员，非法限制医务工作人员人身自由，殴打、伤害医务工作人员；
 （五）非法占用、故意损毁公私财物；
 （六）非法携带枪支、弹药、管制器具或者爆炸性、放射性、毒害性、腐蚀性等危险物品进入医疗机构；
 （七）利用媒体散布谣言，故意扰乱公共秩序；
 （八）其他扰乱医疗机构正常秩序的行为。"
山东省税收保障条例,"第十九条 公安机关、网信等部门应当按照各自职责，依法及时处理寻衅滋事、散布谣言等严重影响税收管理秩序的行为。 对税务机关移送的逃税、骗税、抗税、虚开发票等涉嫌犯罪案件，公安机关应当依法办理，并将办理情况及时反馈税务机关。
"
上海市科学技术普及条例,"第二十条 应急管理、民防、卫生健康以及其他相关行政管理部门应当结合本部门职责，开展自然灾害、事故灾难、公共卫生事件和社会安全事件等突发事件应对方面的科普活动。 突发事件发生后，相关行政管理部门应当按照应急预案，向公众提供有效的应急科普，依法及时向公众发布灾情信息，澄清不实传闻和伪科学谣言。
"
拉萨市文明行为促进条例,"第十三条 在维护网络秩序方面，应当遵守下列文明行为规范：
 （一）文明互动，理性表达；
 （二）尊重他人权利，拒绝网络暴力；
 （三）抵制网络谣言和不良信息，不造谣、不信谣、不传谣；
 （四）其他维护网络文明的行为规范。"
渭南市文明行为促进条例,"第十八条 在维护网络文明方面，应当遵守下列文明行为规范：
 (一)文明互动，理性表达；
 (二)尊重他人权利，拒绝网络暴力；
 (三)抵制网络谣言和不良信息，不造谣、不信谣、不传谣；
 (四)不转发、观看盗版影视文学作品；
 (五)其他维护网络文明的行为规范。"
延边朝鲜族自治州文明行为促进条例,"第十九条 公民应当文明使用网络，自觉遵守下列规定：
 （一）文明上网，诚信用网，理性表达，远离不良网站，维护网络安全和秩序；
 （二）抵制网络谣言和不良信息，不编造、发布、传播虚假、低俗、淫秽、暴力信息；
 （三）不泄露他人隐私；
 （四）不以发帖、跟帖、评论、人肉搜索、智能换脸、智能变声等任何方式侮辱、诽谤他人；
 （五）其他相关规定。"
山东省学前教育条例(2021修正),"第六十六条 发生儿童安全等事故，儿童父母或者其他监护人以及其他有关人员应当配合事故处置和调查处理，并不得有下列行为：
 （一）侮辱、威胁、恐吓、故意伤害儿童、教师与其他工作人员、事故调查处理人员，或者限制其人身自由；
 （二）围堵幼儿园，扰乱正常保育教育秩序；
 （三）侵占、损毁幼儿园设施、设备；
 （四）携带危险物品和管制刀具、器械进入幼儿园；
 （五）制造、散布谣言；
 （六）其他违法行为。
 发生前款行为，幼儿园应当立即向所在地公安机关报案；涉嫌违法犯罪的，公安机关应当依法及时采取措施予以处置，维护幼儿园秩序。"
兰州市中小学生人身伤害事故预防与处理条例(2021修正),"第三十一条 公安机关对事故处理中的下列行为应当依法予以查处：
 （一）寻衅滋事、侮辱、威胁、恐吓、故意伤害当事人、教职工、学生或者非法限制教职工、学生人身自由的；
 （二）毁灭证据、破坏现场、隐瞒真相、阻扰事故调查处理的；
 （三）围堵学校或者进入学校拉条幅、设灵堂、焚香烧纸、摆花圈、散发传单、喧闹、张贴大字报等聚众闹事的；
 （四）侵占、破坏学校房屋、设施、设备的；
 （五）携带易燃易爆危险物品和管制器具进入学校的；
 （六）制造谣言或者散布网络谣言等其他扰乱学校正常秩序的；
 （七）其他干扰学校正常教育教学工作的。"
六盘水市文明行为促进条例,"第十七条 在网络通信方面，应当遵守下列文明行为规范：
 （一）尊重他人，文明互动，理性表达；
 （二）抵制网络谣言和不良信息，拒绝网络暴力；
 （三）抵制和防范网络赌博、诈骗、色情；
 （四）法律法规的其他规定。"
海南省铁路安全管理规定,"第十九条 禁止实施下列扰乱铁路运营秩序的行为：
 （一）强占他人座位、铺位；
 （二）散布影响铁路安全的谣言；
 （三）以醉酒闹事、强行讨要等方式滋扰旅客；
 （四）强闯进站、出站闸机或者验票口；
 （五）法律、法规禁止的其他扰乱铁路运营秩序的行为。"
玉溪市文明行为促进条例,"第十七条 文明使用网络，遵守下列行为规范：
 （一）文明互动，理性表达；
 （二）抵制网络谣言和不良信息，不造谣、不信谣、不传谣；
 （三）尊重他人权利，拒绝网络暴力。"
鹰潭市文明行为促进条例,"第十三条 在维护网络文明方面，应当遵守下列文明行为规范：
 （一）文明互动，理性表达，弘扬正能量；
 （二）抵制网络谣言和不良信息，不造谣、不信谣、不传谣；
 （三）尊重他人权利，拒绝网络暴力；
 （四）不发布或者传播具有低俗、淫秽、暴力等内容的信息；
 （五）尊重他人知识产权；
 （六）维护网络文明的其他文明行为规范。"
雅安市文明行为促进条例,"第二十八条 遵守下列行为规范：…文明理性发表言论，拒绝网络暴力，抵制网络谣言和不良信息，不造谣、不信谣、不传谣；…
"
吕梁市文明行为促进条例,"第二十三条 公民应当维护网络文明，遵守下列规定：
 （一）以发帖、跟帖、转发、评论等方式参与网络活动时，文明互动，理性表达；
 （二）尊重他人隐私，不得泄露他人信息；
 （三）抵制网络谣言和不良信息，不造谣、不信谣、不传谣；
 （四）其他维护网络文明行为规范。"
西藏自治区文化市场管理条例(2021修正),"第二十二条 从事文化经营活动的单位或者个人在经营活动中不得有下列内容：
 （一）违反宪法确定的基本原则；
 （二）危害国家主权、统一和领土完整；
 （三）泄露国家秘密，危害国家安全或者损害国家荣誉和利益；
 （四）煽动民族仇恨、民族歧视，伤害民族感情，破坏民族团结，侵害民族风俗习惯，违反宗教政策；
 （五）危害社会公德或者民族优秀文化传统；
 （六）宣扬邪教、迷信；
 （七）散布谣言，扰乱社会秩序，破坏社会稳定；
 （八）宣扬淫秽、赌博、暴力或者教唆犯罪；
 （九）侮辱或者诽谤他人，侵害他人合法权益；
 （十）法律、法规禁止的其他内容。"
福建省防震减灾条例(2021修正),"第二十三条 任何单位和个人不得向社会散布地震预报意见及其评审结果，不得制造、散布地震谣言。 对扰乱社会秩序的地震谣言，县级以上地方人民政府负责管理地震工作的部门或者机构应当会同公安机关、新闻主管部门及时予以澄清和平息。
"
江门市文明行为促进条例,"第十九条 在维护网络电信文明方面，应当遵守下列规定：
 （一）以发帖、跟帖、转发、评论等方式参与网络活动时，文明互动，理性表达。
 （二）尊重他人隐私，不得泄露他人信息。
 （三）抵制网络谣言和不良信息，不造谣、不信谣、不传谣。
 （四）其他维护网络电信文明的行为规范。"
绵阳市文明行为促进条例,"第十七条 维护网络文明，遵守下列规范：
 （一）文明互动，理性表达；
 （二）尊重他人合法权益，保护公民个人信息，拒绝网络暴力；
 （三）不造谣、不信谣、不传谣，抵制网络谣言和不良信息；
 （四）网络运营者应当传播健康信息，营造良好网络生态；
 （五）其他维护网络文明行为规范。"
河北省信息化条例(2021修订),"第五十四条 禁止利用网络实施下列行为：
 （一）危害国家安全、损害国家利益和社会公共利益；
 （二）危害网络安全；
 （三）侵犯知识产权、商业秘密、个人隐私以及个人和组织的合法权益；
 （四）散布谣言，谎报险情、疫情、警情扰乱公共秩序；
 （五）制作、散布淫秽、色情、暴力、恐怖或者教唆犯罪的信息；
 （六）法律、行政法规禁止实施的其他行为。"
浙江省防震减灾条例(2021修正),"第二十九条 任何单位和个人不得制造、散布地震谣言。 发生地震谣传、误传事件时，县级以上人民政府地震工作主管部门应当会同应急管理、公安、新闻出版、广播电视主管部门予以澄清，及时向社会发布相关信息。
"
广西壮族自治区爱国卫生条例,"第三十七条 各级人民政府以及有关部门、新闻媒体应当加强心理健康科普宣传，传播自尊自信、理性平和、乐观积极的理念和相关知识，引导形成和谐向上的家庭和社会氛围。
 各级人民政府以及有关部门应当建立健全突发公共卫生事件、自然灾害等突发事件处置中的社会心理健康监测预警机制，加强心理健康促进和心理疏导、危机干预，引导公民客观认识和科学应对突发事件、不编造和散布谣言。
 县级以上人民政府应当建立健全政府、社会组织、专业机构、高等院校和科研院所共同参与的心理健康咨询服务机制，充分发挥互联网作用，为公民提供方便可及的心理健康服务；加强心理健康服务志愿者队伍建设，支持拓展心理健康宣传疏导等志愿服务。"
南京市社会治理促进条例,"第十二条 加强网络安全管理，维护国家网络空间主权、安全和发展利益。任何组织和个人不得利用网络从事危害国家安全、扰乱社会秩序、侵害他人合法权益等活动，不得制造、散布、传播政治谣言。
 加强网络舆情监管和舆论危机预防应对工作，提高网络安全防护能力，及时监管、精准研判、有效引导网络舆情，培育文明理性的网络环境。
 网信、通信、公安、文化等主管部门依照法律、行政法规的规定，在各自职责范围内负责网络安全保护和监督管理的相关工作。"
湖北省分洪区安全建设与管理条例(2021修正),"第三十二条 违反本条例有下列行为之一的，由县级以上防汛指挥部门或分洪区管理部门批评教育，责令其停止违法行为。情节严重的，由行政主管部门或监察机关追究责任单位主要负责人和直接责任人的责任。构成犯罪的，由司法机关追究刑事责任。
 （一）拒不执行防御洪水方案，或拒不执行防汛指挥部门的分洪命令的；
 （二）阻碍执行防洪任务的；
 （三）执行分洪命令不力或滥发命令、散布谣言造成人心恐慌及财产损失的；
 （四）玩忽职守，或在分洪紧要关头脱逃的；
 （五）截留、挪用、挤占、贪污、盗窃分洪区安全建设、管理资金和分洪救灾款物的；
 （六）侵占、破坏、盗窃分洪区安全设施的。"
七台河市文明行为促进条例,"第十八条 在维护网络文明方面，应当遵守下列文明行为：
 （一）尊德守法、文明互动、理性表达，远离不良网站，防止网络沉迷，自觉维护良好网络秩序；
 （二）创作、传播爱社会主义爱党爱国爱家乡的网络作品；
 （三）尊重他人权利，拒绝网络暴力；
 （四）抵制网络谣言和不良信息，不造谣、不信谣、不传谣；
 （五）其他维护网络文明的行为规范。"
运城市文明行为促进条例,"第十六条 公民应当维护网络文明，遵守下列文明行为规范：
 （一）文明使用网络，诚信友好交流；
 （二）抵制网络谣言和虚假、低级庸俗、封建迷信等不良信息，不造谣、不信谣、不传谣；
 （三）不侵害他人名誉、隐私、知识产权和其他合法权益，拒绝网络暴力；
 （四）其他维护网络文明的行为规范。"
天津市防震减灾条例(2020修正),"第四十五条 制造地震谣言，扰乱社会正常秩序的，依法给予治安管理处罚；构成犯罪的，依法追究刑事责任。
"
汕头经济特区文明行为促进条例,"第十一条 在特区居住、工作、生活、学习、旅游及从事其他活动的个人，应当遵守文明行为规范和文明行为公约、守则，在行使个人的权利和自由时，不得损害他人的合法权利和自由。… （六）维护网络文明，文明互动，理性表达，尊重他人权利，拒绝网络暴力，抵制网络谣言和不良信息，不造谣、不信谣、不传谣；…
"
芜湖市文明行为促进条例,"第九条 倡导下列文明行为：
 （一）遵守礼仪，言行举止文明；
 （二）文明出行，安全礼让；
 （三）文明旅游，注重自身形象；
 （四）文明经商，诚实守信；
 （五）文明上网，抵制谣言和不良信息；
 （六）文明用餐，拒绝浪费；
 （七）文明就医，建立和谐医患关系；
 （八）文明祭祀，厚养薄葬；
 （九）文明节庆，破除陋习；
 （十）其他应当倡导的文明行为。"
镇江市文明行为促进条例,"第三十条 公安机关应当会同有关部门完善道路监控系统，保持道路交通安全设施完好，加强交通管理和文明出行宣传，及时制止交通不文明行为，依法查处交通违法行为。 公安机关应当依法查处网络传播中散布、传播谣言等违法行为。
"
河南省文明行为促进条例,"第十九条 公民应当文明使用网络，自觉遵守下列规定：
 （一）文明上网，诚信用网，理性表达，远离不良网站，维护网络安全和秩序；
 （二）抵制网络谣言和不良信息，不编造、发布、传播虚假、低俗、淫秽、暴力信息；
 （三）不泄露他人隐私；
 （四）不以发帖、跟帖、评论、人肉搜索、智能换脸、智能变声等任何方式侮辱、诽谤他人；
 （五）法律、法规的其他规定。"
德阳市文明行为促进条例,"第二十一条 在维护网络文明方面，应当遵守下列行为规范：
 （一）保障和引导未成年人安全、合理使用网络；
 （二）尊重他人权利，拒绝网络暴力；
 （三）抵制网络谣言和不良信息，不造谣、不信谣、不传谣；
 （四）文明互动，理性表达；
 （五）其他维护网络文明的行为规范。"
萍乡市文明行为促进条例,"第十五条 在维护网络文明方面，应当遵守下列文明行为规范：
 （一）自觉维护网络安全和秩序，文明上网，诚信用网，理性表达，有序参与；
 （二）自觉抵制网络谣言和不良信息，不编造、发布和传播虚假、低俗、淫秽、暴力信息；
 （三）不泄露他人隐私和个人信息；
 （四）其他维护网络文明的行为规范。"
河北省防震减灾条例(2020修正),"第十九条 任何单位和个人不得制造、传播地震谣言。对扰乱社会秩序的地震谣言、误传，县级以上人民政府应当迅速采取措施予以澄清。
"
青海省儿童计划免疫条例(2020修正),"第二十八条 制造、散布谣言或者以其他方式煽动群众对抗开展儿童计划免疫的，由公安机关依照《中华人民共和国治安管理处罚法》的有关规定予以处罚；构成犯罪的，由司法机关依法追究刑事责任。
"
青海省防震减灾条例(2020修正),"第二十五条 任何单位和个人不得制造、散布地震谣言。 对扰乱社会秩序的地震谣言，县级以上地震工作主管部门应当会同公安、新闻出版和广播电视等部门迅速采取措施，予以澄清，及时向社会发布相关信息。
"
山东省学前教育条例,"第六十六条 发生儿童安全等事故，儿童父母或者其他监护人以及其他有关人员应当配合事故处置和调查处理，并不得有下列行为：
 （一）侮辱、威胁、恐吓、故意伤害儿童、教师与其他工作人员、事故调查处理人员，或者限制其人身自由；
 （二）围堵幼儿园，扰乱正常保育教育秩序；
 （三）侵占、损毁幼儿园设施、设备；
 （四）携带危险物品和管制刀具、器械进入幼儿园；
 （五）制造、散布谣言；
 （六）其他违法行为。
 发生前款行为，幼儿园应当立即向所在地公安机关报案；涉嫌违法犯罪的，公安机关应当依法及时采取措施予以处置，维护幼儿园秩序。"
青海省儿童计划免疫条例(2019修正),"第二十八条 制造、散布谣言或者以其他方式煽动群众对抗开展儿童计划免疫的，由公安机关依照《中华人民共和国治安管理处罚法》的有关规定予以处罚；构成犯罪的，由司法机关依法追究刑事责任。
"
陕西省防震减灾条例(2019修正),"第二十八条 除发表本人或者本单位关于长期、中期地震活动趋势的研究成果，或者进行相关学术交流外，任何单位和个人不得向社会散布地震预测意见、地震预报意见及其评审结果。
 新闻媒体刊登、播发地震预报消息，应当以人民政府发布的地震预报为准。
 任何单位和个人不得制造、散布地震谣言。对扰乱社会秩序的地震谣传、误传，县级以上人民政府应当采取措施，迅速予以澄清。"
深圳经济特区科学技术普及条例,"第三十条 市场监督管理部门应当建立和完善食品安全突发事件应急科普机制，普及食品安全知识，及时澄清有关食品安全的伪科学谣言，倡导健康饮食方式，增强消费者食品安全意识和自我保护能力。
"
营口市文明行为促进条例,"第十五条 公民应当自觉遵守互联网管理规定，树立网络文明新风，不得有下列行为：
 （一）发布侮辱、谩骂、诽谤他人的信息及言论；
 （二）编造、传播虚假信息和谣言；
 （三）捏造事实，发布、传播破坏国家、地区形象，危害社会发展稳定的信息及言论；
 （四）擅自发布、传播自然灾害、重大疫情事故、突发性群体事件、社会敏感信息及言论，影响社会和谐稳定；
 （五）发布和传播违背公序良俗的信息。"
辽宁省电信管理条例(2019修正),"第十九条 互联网上网服务营业场所经营者和上网用户不得利用互联网上网服务营业场所制作、复制、查阅、发布、传播危害国家安全，损害国家利益和荣誉，破坏民族团结和国家宗教政策，宣扬邪教和迷信，散布谣言，破坏社会稳定，散布淫秽、色情、赌博、暴力、凶杀、恐怖或者教唆犯罪，侮辱或者诽谤他人以及其他法律法规禁止的信息。
"
山西省防震减灾条例(2019修正),"第五十一条 有下列行为之一，依照《中华人民共和国治安管理处罚条例》处罚；构成犯罪的，依法追究刑事责任：
 （一）散布地震谣言，扰乱社会秩序的；
 （二）阻碍抗震救灾人员执行职务的；
 （三）哄抢公私财物的；
 （四）盗窃、贪污、挪用救灾资金或物资的；
 （五）损毁生命线工程或次生灾害源防护设施的。"
天津市文明行为促进条例,"第二十六条 使用互联网应当遵守网络信息管理的法律法规和规定，维护网络安全和秩序，抵制网络谣言和不良信息。
"
山西省哲学社会科学普及条例,"第十七条 哲学社会科学普及应当坚持科学精神，反对和抵制伪科学、迷信和邪教学说。
 任何组织和个人不得以哲学社会科学普及的名义从事下列活动：
 （一）散布谣言；
 （二）组织、教唆、胁迫、诱骗、煽动他人从事邪教、会道门、迷信活动；
 （三）编造、传播淫秽、暴力、恐怖等扰乱社会秩序的信息；
 （四）危害国家安全、荣誉和利益，破坏民族团结，损害社会公共利益或者他人合法权益的活动；
 （五）法律、法规禁止的其他活动。"
黑龙江省优化营商环境条例,"第三十二条 县级以上人民政府和有关部门应当落实监管责任，根据职责权限和分工查处下列违法行为：
 （一）制售假冒伪劣商品等侵害用户和消费者利益、危害市场秩序的；
 （二）偷税、逃税、骗税、抗税、骗汇、非法集资等危害金融税收秩序的；
 （三）在工程建设中弄虚作假，转包、违法分包等危害建筑市场秩序的；
 （四）侵害专利权、商标权、版权等知识产权的；
 （五）采取恶意散布谣言中伤对手等不正当竞争或者垄断等行为危害市场秩序的；
 （六）其他侵害市场主体合法权益、危害市场秩序的。"
呼和浩特市文明行为促进条例,"第八条 维护公共秩序，遵守下列规定：…抵制网络谣言和不良信息，不造谣、不信谣、不传谣；…
"
宜春市文明行为促进条例,"第九条 倡导下列文明行为：… （十一）维护网络文明，拒绝网络暴力，抵制网络谣言和不良信息，不造谣、不信谣、不传谣；…
"
辽源市文明行为促进条例,"第七条 公民应当遵守公共秩序文明行为规范：… （八）文明上网，理性表达，尊重他人权利，拒绝网络暴力、网络赌博、网络色情，抵制网络谣言和不良信息，不造谣、不信谣、不传谣。
"
天津市网络虚假信息治理若干规定,"第七条 任何个人和组织使用网络应当遵守宪法和法律，遵守公共秩序，尊重社会公德，不得危害网络安全，不得利用网络从事危害国家安全、荣誉和利益，煽动颠覆国家政权、推翻社会主义制度，煽动分裂国家、破坏国家统一，宣扬恐怖主义、极端主义，宣扬民族仇恨、民族歧视，传播暴力、淫秽色情信息等活动。 个人和组织不得利用网络制作、复制、发布和传播含有捏造或者歪曲事实、散布谣言，扰乱社会秩序和经济秩序等内容的违法信息，以及含有侮辱或者诽谤他人，侵害他人名誉权、隐私权、知识产权和其他合法权益等内容的违法信息。
"
许昌市文明行为促进条例,"第十四条 公民应当文明上网、理性表达，积极传播正能量，自觉维护网络安全和秩序，抵制网络谣言和不良信息，不得散布他人隐私，不得利用网络从事侵害他人名誉的活动。
"
三门峡市文明行为促进条例,"第十四条 公民应当文明使用互联网，自觉遵守下列规定：
 （一）抵制网络谣言和不良信息；
 （二）不得编造、发布和传播虚假、低俗、暴力、淫秽等信息；
 （三）不得通过发帖、评论等方式攻击、谩骂他人；
 （四）法律、法规的其他规定。"
信阳市文明行为促进条例,"第十四条 公民应当文明上网，遵守以下规定：
 （一）恪守网络道德，理性表达，有序参与；
 （二）不捏造或者歪曲事实、散布谣言，扰乱经济秩序和社会秩序；
 （三）不在网络上散布淫秽、色情、赌博、暴力等有害信息，不浏览不健康的网站网页；
 （四）不以发帖、跟帖、评论、人肉搜索等方式侮辱、诽谤他人；
 （五）不泄露他人隐私或者个人信息；
 （六）法律、法规规定的其他行为。"
清远市文明行为促进条例,"第六条 公民应当自觉遵守下列文明行为规范：… （八）拒绝网络暴力，自觉抵制网络谣言和不良信息，不造谣、不信谣、不传谣，自觉维护网络安全和网络秩序；…
"
亳州市文明行为促进条例,"第九条 在维护公共秩序方面，应当遵守下列行为规范：
 （一）言行举止文明，不大声喧哗，不在公共座椅上躺卧；
 （二）等候服务依次排队，有序礼让；
 （三）在营销宣传、装饰装修、办理喜事丧事、娱乐健身等活动时，合理使用场地、设施、设备，不影响他人工作、学习和生活；
 （四）在公共场所和公共交通工具内控制手机、音响及其他电子设备音量；
 （五）文明上网，理性表达，拒绝网络暴力，抵制网络谣言和不良信息，不信谣、不传谣；
 （六）文明旅游，尊重当地风俗习惯，保护生态环境、文物古迹和风景名胜等旅游资源；
 （七）文明就医，尊重医护人员，遵守各项诊疗服务制度，通过合法途径解决医疗纠纷；
 （八）其他维护公共秩序的文明行为规范。"
贵州省学校学生人身伤害事故预防与处理条例(2020修正),"第二十九条 在学生人身伤害事故处理过程中，禁止下列行为：
 （一）毁灭证据、破坏现场、隐瞒真相、阻扰事故调查处理的；
 （二）寻衅滋事，侮辱、威胁、恐吓、故意伤害当事人、教职工、学生或者非法限制教职工、学生人身自由的；
 （三）围堵学校或者进入学校聚众闹事的；
 （四）侵占、破坏学校房屋、设施、设备的；
 （五）携带易燃易爆危险物品和管制器具进入学校的；
 （六）制造谣言、混淆视听等其他扰乱学校正常秩序的行为。"
衢州市文明行为促进条例,"第二十条 使用互联网应当遵守网络行为规范，维护网络安全和网络秩序，尊重他人隐私和人格，不制作、发布、传播网络谣言。
"
广东省学校安全条例,"第六十五条 学校安全事故发生后，任何单位和个人不得有下列影响学校正常教育教学秩序的行为：
 （一）毁灭证据、破坏现场、隐瞒真相等阻扰学校安全事故调查处理；
 （二）跟踪、纠缠、侮辱、威胁、恐吓、故意伤害学校相关人员、学生，或者非法限制其人身自由；
 （三）侵占、毁损学校房屋、设施、设备以及其他财物；
 （四）在学校或者校园周边安全区域内非法聚集、游行、设置障碍、贴报喷字、拉挂横幅、燃放鞭炮、播放哀乐、摆放花圈、停放尸体、泼洒污物、断水断电、堵塞大门、围堵办公场所和道路、干扰应急处置和事故处理；
 （五）制造、散布与学校安全事故实际情况不符的谣言；
 （六）其他扰乱学校教育教学秩序的行为。
 前款规定行为经劝阻无效的，学校应当立即向公安机关报案并保护现场，配合公安机关调查取证。公安机关接到学校报案后，应当依法及时处理。"
北京市文明行为促进条例,"第二十二条 在维护网络文明方面，应当遵守下列文明行为规范：
 （一）文明互动，理性表达；
 （二）尊重他人权利，拒绝网络暴力；
 （三）抵制网络谣言和不良信息，不造谣、不信谣、不传谣；
 （四）其他维护网络文明的行为规范。"
吐鲁番市文明行为促进条例,"第十五条 公民应当自觉抵御网络谣言和不良信息，维护网络秩序和安全，不得在互联网、手机等媒介上编造、发布和传播虚假、低俗淫秽以及损害他人合法权益的信息。
"
白城市文明行为促进条例,"第十七条 公民应当自觉遵守下列公共秩序文明行为规范：… （十）文明上网，自觉抵制网络谣言。
"
菏泽市文明行为促进条例,"第十一条 倡导下列行为：
 （一）言行文明，衣着得体，举止端庄；
 （二）节约资源，低碳生活，绿色消费；
 （三）移风易俗，喜事简办，厚养薄葬；
 （四）诚信经营，公平竞争，文明服务；
 （五）尊老爱幼，邻里和谐，涵养家风；
 （六）维护先烈，尊崇英模，传承精神；
 （七）崇尚科学，尊师重教，家校共育；
 （八）文明就医，恪守医德，医患和谐；
 （九）文明用餐，适量点餐，杜绝浪费；
 （十）文明上网，远离谣言，弘扬正气；
 （十一）文明出行，自觉排队，礼让他人；
 （十二）文明旅游，尊重习俗，爱护文物；
 （十三）文明施工，按章操作，规范管理；
 （十四）文明如厕，及时清洁，保持卫生；
 （十五）其他有益于自然、社会、家庭和谐的行为。"
扬州市文明行为促进条例,"第十五条 倡导文明上网。提倡积极健康的网络文化，自觉抵制网络谣言；自觉维护网络安全和网络秩序。
"
商丘市文明行为促进条例,"第二十三条 公民应当文明上网，遵守互联网传播秩序，理性表达，传播正能量，自觉抵制网络谣言和不良信息。
"
大连市文明行为促进条例,"第十五条 公民应当遵守网络信息管理的法律法规，自觉维护网络安全和秩序。不浏览、转发、转载违法和庸俗信息，抵制网络谣言和不良信息。
"
曲靖市文明行为促进条例,"第十一条 公民应当践行社会主义核心价值观，弘扬中华民族传统美德，加强社会公德、职业道德、家庭美德、个人品德修养，遵守下列文明行为规范：… （九）维护网络安全和秩序，自觉抵制网络谣言、网络暴力和不良信息；…
"
温州市文明行为促进条例,"第六条 公民应当践行社会主义核心价值观，爱国敬业，遵纪守法，明理善德，弘扬传统美德、社会公德、家庭美德，提升个人品德，倡导下列行为：… （十三）文明上网，保护隐私，谣言不传，妄语不言；…
"
新疆维吾尔自治区邮政条例(2018修订),"第四十三条 任何单位和个人不得利用邮件、快件寄递含有下列内容的物品：
 （一）煽动颠覆国家政权、推翻社会主义制度或者分裂国家、破坏国家统一，危害国家安全的；
 （二）泄露国家秘密的；
 （三）散布谣言扰乱社会秩序，破坏社会稳定的；
 （四）煽动民族仇恨、民族歧视，破坏民族团结的；
 （五）宣扬邪教或者迷信的；
 （六）散布淫秽、赌博、恐怖信息或者教唆犯罪的；
 （七）法律、法规禁止的其他内容。"
山东省学校安全条例,"第五十一条 发生学校安全事故，学生家长、学生以及其他人员不得有下列干扰事故处置和调查处理的行为：
 （一）侮辱、威胁、恐吓、故意伤害学生、教师以及其他职工、事故调查处理人员或者限制其人身自由；
 （二）围堵学校扰乱学校教育教学秩序；
 （三）侵占、损毁学校设施、设备；
 （四）携带危险物品和管制刀具进入学校；
 （五）制造、散布谣言；
 （六）其他违法行为。
 发生前款行为，涉嫌违法犯罪的，学校应当立即向所在地公安机关报案；公安机关应当依法及时采取措施，予以处置，维护教育教学秩序。"
云南省防震减灾条例(2018修正),"第五十六条 违反本条例规定，制造、传播地震谣言，扰乱社会正常秩序，违反治安管理相关规定的，依法给予治安管理处罚。
"
南昌市文明行为促进条例,"第十二条 倡导下列文明行为：… （十三）文明上网，树立网络道德意识，自觉抵御网络谣言，不浏览不良信息，不破坏网络秩序，不沉溺虚拟时空；…
"
克拉玛依市大风灾害防御条例,"第二十二条 市、区人民政府及有关部门在收到大风警报和大风灾害预警信号后，应当及时启动相应级别的应急预案，进入紧急响应状态，向社会公布应急处置措施。 对市、区人民政府及有关部门采取的应急处置措施，任何单位和个人应当配合实施，不得妨碍大风灾害防御活动，不得制造、传播谣言。
"
江西省防震减灾条例(2018修正),"第十八条 省人民政府应当依照国家发布地震预报的规定，统一向社会及时发布地震预报。新闻媒体刊登或者播发地震预报消息，应当以国务院、省人民政府发布的地震预报为准。 任何单位和个人不得散布有关地震的谣言。对造成或者可能造成社会秩序混乱的有关地震谣言，县级以上人民政府应当迅速采取有效措施及时予以澄清，消除影响。
"
江西省实施《中华人民共和国防洪法》办法(2018修正),"第五十三条 有下列行为之一，构成犯罪的，依法追究刑事责任；尚不构成犯罪，应当给予治安管理处罚的，依照《中华人民共和国治安管理处罚法》的规定处罚：
 （一）阻碍、威胁防汛指挥机构、水行政主管部门工作人员依法执行职务的；
 （二）谎报洪水险情，故意散布谣言，扰乱社会秩序的。"
淮安市文明行为促进条例,"第二十一条 公民应当文明使用互联网，主动抵制网络谣言，不编造、发布和传播虚假、恐怖、暴力、低俗和损害他人合法权益的信息，不参与涉及色情、赌博、暴力的网络游戏。
"
黑龙江省防震减灾条例(2018修正),"第十六条 地震预报意见实行统一发布制度，全省范围内的地震长期、中期、短期预报意见和临震预报意见，由省人民政府根据国家有关规定发布。 任何单位和个人不得散布地震谣言。新闻媒体刊登、播报地震预报消息，应当以国务院或者省人民政府发布的地震预报意见为准。对扰乱社会秩序的地震谣传、误传，县级以上人民政府应当立即采取有效措施予以澄清和制止。
"
新疆维吾尔自治区防范和惩治网络传播虚假信息条例,"第十条 信息网络服务提供者应在信息网络使用者发表跟帖留言的页面刊登跟帖服务协议，明示跟帖中不得贴发散布谣言，扰乱社会秩序，破坏社会稳定的内容或者法律法规禁止内容的信息。
"
辽宁省电信管理条例(2016修正),"第二十条 互联网上网服务营业场所经营者和上网用户不得利用互联网上网服务营业场所制作、复制、查阅、发布、传播危害国家安全，损害国家利益和荣誉，破坏民族团结和国家宗教政策，宣扬邪教和迷信，散布谣言，破坏社会稳定，散布淫秽、色情、赌博、暴力、凶杀、恐怖或者教唆犯罪，侮辱或者诽谤他人以及其他法律法规禁止的信息。
"
大连市防震减灾条例,"第十一条 新闻媒体报道与地震预报有关的信息，应当以国务院或者省人民政府发布的地震预报意见为准。 任何单位和个人不得擅自向社会散布地震预测预报意见，不得制造、传播地震谣言。对扰乱社会秩序的地震谣言，市及区（市）县人民政府及地震工作主管部门应当迅速予以澄清。
"
江西省学校学生人身伤害事故预防与处理条例,"第四十条 学生及其监护人、抚养人或者其代理人以及其他相关人员有下列行为之一，经劝阻无效的，学校应当立即向所在地公安机关报案，并保护好现场，配合公安机关做好调查取证等工作：
 （一）侮辱、威胁、恐吓、故意伤害教职工、学生或者非法限制教职工、学生人身自由的；
 （二）围堵学校或者进入学校拉条幅、设灵堂、焚香烧纸、摆花圈、散发传单、喧闹、张贴大字报等聚众闹事的；
 （三）侵占、破坏学校房屋、设施、设备等寻衅滋事行为的；
 （四）在学校等公共场所停尸或者拒不按照规定处理遗体的；
 （五）携带易燃易爆危险物质和管制器具进入学校的；
 （六）制造、散布谣言等其他扰乱学校教学、生活秩序行为的。"
湖南省社会科学普及条例,"第十八条 以社会科学普及为名，从事下列活动的，依法给予处罚：
 （一）散布谣言；
 （二）组织、教唆、胁迫、诱骗、煽动他人从事邪教、会道门、迷信活动；
 （三）发布、传播危害国家安全、扰乱社会秩序以及淫秽、色情、赌博、暴力、恐怖和法律法规禁止的其他信息；
 （四）从事其他危害国家安全、损害社会公共利益或者他人合法权益的活动。"
河北省信访条例(2015修订),"第三十八条 信访人在信访活动中有下列行为之一的，由有关国家机关工作人员劝阻、批评或者教育。… （八）歪曲、捏造事实，散布谣言或者以其他方法扰乱社会公共秩序的；…
"
青海省防震减灾条例,"第二十五条 任何单位和个人不得制造、散布地震谣言。 对扰乱社会秩序的地震谣言，县级以上地震工作主管部门应当会同公安、文化新闻出版和广播电视等部门迅速采取措施，予以澄清，及时向社会发布相关信息。
"
合肥市防震减灾条例,"第十六条 单位或者个人观测到可能与地震有关的异常现象，应当及时向所在地人民政府地震工作主管部门报告，地震工作主管部门应当进行登记、调查、核实，并予以回复。 单位和个人不得制造、传播地震谣言。对扰乱社会秩序的地震谣言，市、县（市）区人民政府应当迅速采取措施并予以澄清。
"
黑龙江省防震减灾条例(2015修正),"第十六条 地震预报意见实行统一发布制度，全省范围内的地震长期、中期、短期预报意见和临震预报意见，由省人民政府根据国家有关规定发布。 任何单位和个人不得散布地震谣言。新闻媒体刊登、播报地震预报消息，应当以国务院或者省人民政府发布的地震预报意见为准。对扰乱社会秩序的地震谣传、误传，县级以上人民政府应当立即采取有效措施予以澄清和制止。
"
唐山市防震减灾条例(2015修订),"第十九条 新闻媒体报道与地震预报有关的信息，应当以国务院或者省人民政府发布的地震预报意见为准。 任何单位和个人不得违反规定擅自向社会散布地震预测预报意见，不得制造、传播地震谣言。对扰乱社会秩序的地震谣言、误传，市、县（市、区）人民政府应当迅速采取措施予以澄清。
"
宁夏回族自治区防震减灾条例(2013修订),"第十三条 地震预报意见和地震信息实行统一发布制度。
 自治区行政区域内的地震预报意见，由自治区人民政府按照国务院规定的程序发布；地震信息由自治区地震工作主管部门发布。
 广播、电视、报刊、网络等媒体刊登、播发地震预报消息，应当以自治区人民政府发布的地震预报意见为准。
 禁止制造、散布和传播地震谣言。发生地震谣传、误传事件时，地震工作主管部门应当立即采取有效措施予以澄清。"
广西壮族自治区实施《中华人民共和国突发事件应对法》办法,"第四十五条 履行统一领导职责或者组织处置突发事件的人民政府，应当按照有关规定及时、准确、客观公布事件进展、政府措施、公众防范措施和调查处理结果，及时回应社会关注热点，对谣言和不实传言应当迅速予以澄清。 任何单位和个人不得编造、传播有关突发事件发生、事态发展或者应急处置工作虚假信息。
"
新疆维吾尔自治区实施《中华人民共和国防震减灾法》办法,"第十七条 地震预报实行统一发布制度。
 地震长期、中期、短期和临震预报，由自治区人民政府发布。
 新闻媒体刊登、播发地震预报消息，应当以自治区人民政府发布的地震预报为准。
 任何单位和个人不得编造、散布地震谣言。"
广东省防震减灾条例(2012年11月29日修订),"第十五条 本省行政区域内的地震预报意见统一由省人民政府发布，任何单位和个人不得向社会散布地震预报意见及其评审结果。
 对社会上出现的地震传言或者谣言，各级人民政府地震工作主管部门应当及时发布正确信息，采取有效措施予以澄清，应急、通信、公安等有关部门应当予以配合。
 新闻媒体应当配合各级人民政府有关部门宣传正确信息。"
西藏自治区实施《中华人民共和国防震减灾法》办法(2012修订),"第三十一条 与地震预报有关的宣传报道，应当严格按照国家和自治区的有关规定执行。任何单位和个人不得编造、散布地震预测意见、地震谣言和地震虚假信息。对扰乱社会秩序的地震谣传、误传，县级以上人民政府应当采取措施，迅速予以澄清。
"
河北省信息化条例,"第五十二条 禁止利用信息网络实施下列行为：
 （一）危害国家安全、损害国家利益和社会公共利益；
 （二）危害信息网络和信息系统安全；
 （三）侵犯知识产权、商业秘密、个人隐私以及公民、法人或者其他组织的合法权益；
 （四）散布谣言，谎报险情、疫情、警情扰乱公共秩序；
 （五）制作、散布淫秽、色情、暴力、恐怖或者教唆犯罪的信息；
 （六）法律、行政法规禁止实施的其他行为。"
内蒙古自治区防震减灾条例(2012修订),"第二十二条 发生地震谣言，扰乱社会正常秩序时，旗县级以上人民政府地震工作主管部门或者机构应当采取措施，迅速予以澄清，新闻等有关部门应当给予配合、协助。
"
安徽省防震减灾条例(2012修订),"第十三条 省人民政府地震工作主管部门负责提出本省行政区域内地震长期、中期、短期和临震预报意见，报省人民政府批准后，由省人民政府统一发布。
 任何单位或者个人不得擅自发布地震预报信息。与地震预报有关的宣传报道，按照国家有关规定执行。
 禁止制造、散布和传播地震谣言。发生地震谣传、误传事件时，当地人民政府应当采取措施，利用广播、电视、互联网、短信等形式，统一、及时、准确地向社会发布相关信息，维护社会稳定。"
广东省防震减灾条例(2012修正),"第十条 省地震工作部门负责提出本行政区域内的破坏性地震的长期、中期、短期、临震预报意见，由省人民政府发布。法律、行政法规另有规定的，从其规定。
 新闻媒体刊登或者播发地震预报消息，应当以国务院或者省人民政府发布的内容为准。
 对社会上出现的地震误传或者谣言，各级人民政府应当及时采取措施，妥善处置。"
四川省防震减灾条例(2012修订),"第二十六条 发生地震谣言地区的县级以上地方人民政府防震减灾工作主管部门或者机构，应当及时予以澄清。
"
云南省防震减灾条例(2011修订),"第五十六条 违反本条例规定，制造、传播地震谣言，扰乱社会正常秩序，违反治安管理相关规定的，依法给予治安管理处罚。
"
天津市防震减灾条例(2011),"第四十五条 制造地震谣言，扰乱社会正常秩序的，依法给予治安管理处罚；构成犯罪的，依法追究刑事责任。
"
江西省人民代表大会常务委员会关于修改《江西省防震减灾条例》的决定(2011),"十、第十六条改为第十八条，其中第二款修改为：“任何单位和个人不得散布有关地震的谣言。对造成或者可能造成社会秩序混乱的有关地震谣言，县级以上人民政府应当迅速采取有效措施及时予以澄清，消除影响。”
"
河南省防震减灾条例,"第二十二条 除发表本人或者本单位关于长期、中期地震活动趋势的研究成果，或者进行相关学术交流外，任何单位和个人不得向社会散布地震预测意见、地震预报意见及其评审结果。新闻媒体刊登、播发地震预报消息，应当以人民政府发布的地震预报意见为准。 任何单位和个人不得制造、散布地震谣言。对地震谣传、误传，县级以上人民政府应当采取措施，迅速予以澄清。
"
辽宁省防震减灾条例,"第十七条 本省行政区域内的预报意见，由省人民政府按照国家规定的程序发布。
 新闻媒体报道与地震预报有关的信息，应当以国务院或者省人民政府发布的地震预报为准。
 任何单位和个人不得制造、传播地震谣言。因地震谣言影响社会正常秩序的，由县以上人民政府或者由其授权地震工作主管部门迅速采取措施予以澄清，其他有关部门和新闻媒体应当予以配合。"
江西省防震减灾条例(2011修正),"第十八条 省人民政府应当依照国家发布地震预报的规定，统一向社会及时发布地震预报。新闻媒体刊登或者播发地震预报消息，应当以国务院、省人民政府发布的地震预报为准。 任何单位和个人不得散布有关地震的谣言。对造成或者可能造成社会秩序混乱的有关地震谣言，县级以上人民政府应当迅速采取有效措施及时予以澄清，消除影响。
"
新疆维吾尔自治区邮政条例,"第二十九条 任何单位和个人不得利用邮件寄递含有下列内容的物品：
 （一）煽动颠覆国家政权、推翻社会主义制度或者分裂国家、破坏国家统一，危害国家安全的；
 （二）泄露国家秘密的；
 （三）散布谣言扰乱社会秩序，破坏社会稳定的；
 （四）煽动民族仇恨、民族歧视，破坏民族团结的；
 （五）宣扬邪教或者迷信的；
 （六）散布淫秽、赌博、恐怖信息或者教唆犯罪的；
 （七）法律、法规禁止的其他内容。"
西藏自治区旅游条例(2010修订),"第四十二条 旅游经营者及其从业人员不得有下列行为：
 （一）散布谣言，损害国家荣誉，扰乱社会秩序和稳定；
 （二）伤害民族感情，破坏民族团结，危害社会公德；
 （三）侵害民族风俗习惯、损害民族文化传统；
 （四）宣扬邪教、迷信；
 （五）纠缠、胁迫、诱骗旅游者购买商品、接受服务；
 （六）向旅游者索取合同约定以外的费用；
 （七）制作、发布虚假旅游信息，对服务范围、内容、标准等作虚假宣传；
 （八）擅自改变旅游合同，增加、减少旅游项目或者中止服务；
 （九）提供质价不符的服务；
 （十）法律、法规规定的其他行为。"
山东省防震减灾条例(2010修订),"第二十五条 禁止制造、散布和传播地震谣言。发生地震谣传、误传事件时，县级以上人民政府地震工作主管部门应当立即采取有效措施予以澄清。 为避免人工爆破造成地震误传事件，一次齐发爆破用药量相当于四吨梯恩梯炸药能量以上的，爆破单位在向公安机关申请办理审批手续的同时，必须向爆破工程所在地人民政府地震工作主管部门书面报告。
"
新疆维吾尔自治区民族团结教育条例,"第十二条 教育行政主管部门应当将民族团结教育内容纳入教育规划，组织编写适用于大中专院校、中小学的民族团结教育教材。加强对教师队伍的民族团结教育培训，明确教师在民族团结教育中的责任，发挥教师在学校民族团结教育中的主导、示范和表率作用。
 学校应当加强学生的民族团结教育工作，并将民族团结教育列入教育教学计划，融入国民教育的全过程，贯穿学生成长成才的各阶段，推动党的民族理论、民族政策和国家法律、法规进课堂、进教材、进头脑。
 幼儿园应当对学前儿童进行适合儿童特点的民族团结教育。
 禁止任何人利用学校讲台、讲坛等阵地散布不利于祖国统一、民族团结、社会稳定的言论；禁止任何人传播危害民族团结、社会和谐、扰乱公众视听的谣言。"
陕西省防震减灾条例(2009修订),"第二十八条 除发表本人或者本单位关于长期、中期地震活动趋势的研究成果，或者进行相关学术交流外，任何单位和个人不得向社会散布地震预测意见、地震预报意见及其评审结果。新闻媒体刊登、播发地震预报消息，应当以人民政府发布的地震预报为准。任何单位和个人不得制造、散布地震谣言。对扰乱社会秩序的地震谣传、误传，县级以上人民政府应当采取措施，迅速予以澄清。
"
西藏自治区文化市场管理条例(2009修订),"第二十二条 从事文化经营活动的单位或者个人在经营活动中不得有下列内容：
 （一）违反宪法确定的基本原则；
 （二）危害国家主权、统一和领土完整；
 （三）泄露国家秘密，危害国家安全或者损害国家荣誉和利益；
 （四）煽动民族仇恨、民族歧视，伤害民族感情，破坏民族团结，侵害民族风俗习惯，违反宗教政策；
 （五）危害社会公德或者民族优秀文化传统；
 （六）宣扬邪教、迷信；
 （七）散布谣言，扰乱社会秩序，破坏社会稳定；
 （八）宣扬淫秽、赌博、暴力或者教唆犯罪；
 （九）侮辱或者诽谤他人，侵害他人合法权益；
 （十）法律、法规禁止的其他内容。"
宁夏回族自治区计算机信息系统安全保护条例,"第十七条 任何单位或者个人不得利用计算机信息系统制作、传播、复制下列有害信息：
 （一）危害国家统一、主权和领土完整的；
 （二）泄露国家秘密、危害国家安全或者损害国家荣誉和利益的；
 （三）煽动民族仇恨、民族歧视，或者故意侵害民族风俗、习惯，破坏民族团结的；
 （四）煽动聚众滋事，损害社会公共利益的；
 （五）散布谣言，扰乱社会秩序、破坏社会稳定的；
 （六）宣扬邪教、封建迷信的；
 （七）宣扬暴力、凶杀、恐怖、淫秽、色情、赌博的；
 （八）教唆犯罪或者传授犯罪方法的；
 （九）侮辱、诽谤、恐吓他人，侵害他人合法权益的；
 （十）法律、法规禁止制作、传播、复制的其他信息。"
杭州市计算机信息网络安全保护管理条例,"第二十三条 任何单位或者个人不得利用计算机信息网络制作、发布、传播含有下列内容的信息：… （六）散布谣言，扰乱社会秩序，破坏社会稳定的；…
"
徐州市计算机信息系统安全保护条例,"第十九条 任何单位和个人不得利用计算机信息系统制作、复制、传播下列信息：
 （一）危害国家统一、主权和领土完整的；
 （二）泄露国家秘密，危害国家安全或者损害国家荣誉和利益的；
 （三）煽动民族仇恨、民族歧视，破坏民族团结或者侵害民族风俗、习惯的；
 （四）破坏国家宗教政策，宣扬邪教、迷信的；
 （五）煽动聚众滋事，损害社会公共利益的；
 （六）散布谣言，发布虚假信息，扰乱社会秩序，破坏社会稳定的；
 （七）宣扬淫秽、色情、赌博、暴力、凶杀、恐怖的；
 （八）教唆犯罪或者传授犯罪方法的；
 （九）散布他人隐私，或者侮辱、诽谤、恐吓他人的；
 （十）买卖法律、法规禁止流通的物品的；
 （十一）提供假票据、假证件的。"
山西省计算机信息系统安全保护条例,"第七条 任何单位和个人不得利用计算机信息系统制作、复制和传播含有下列内容的信息：
 （一）危害国家统一、主权和领土完整的；
 （二）危害国家安全的；
 （三）损害国家荣誉和利益的；
 （四）泄露国家秘密的；
 （五）破坏民族团结的；
 （六）宣扬邪教、封建迷信的；
 （七）散布谣言，扰乱社会秩序，破坏社会稳定的；
 （八）煽动、策划非法集会、游行、示威的；
 （九）宣扬淫秽、赌博、暴力、恐怖的；
 （十）教唆犯罪的；
 （十一）侮辱或者诽谤他人，侵害他人合法权益的；
 （十二）法律、法规禁止的其他内容。"
广东省计算机信息系统安全保护条例,"第二十五条 任何单位和个人不得利用计算机信息系统制作、传播、复制下列信息：
 （一）反对宪法确定的基本原则的；
 （二）危害国家统一、主权和领土完整的；
 （三）泄露国家秘密，危害国家安全或者损害国家荣誉和利益的；
 （四）煽动民族仇恨、民族歧视，破坏民族团结或者侵害民族风俗、习惯的；
 （五）破坏国家宗教政策，宣扬邪教、迷信的；
 （六）散布谣言，发布虚假信息，扰乱社会秩序，破坏社会稳定的；
 （七）煽动聚众滋事，损害社会公共利益的；
 （八）宣扬淫秽、色情、赌博、暴力、凶杀、恐怖的；
 （九）教唆犯罪的；
 （十）侮辱或者诽谤他人，侵害他人合法权益的；
 （十一）其他法律法规禁止的内容。"
西藏自治区信访条例(2007),"第十八条 信访人在信访活动中，应当遵守法律、法规，不得损害国家、社会、集体的利益和其他公民的合法权益，自觉维护社会公共秩序和信访秩序，不得有下列行为：
 （一）在国家机关办公场所周围、公共场所非法聚集，围堵、冲击国家机关，拦截公务车辆，或者堵塞、阻断交通；
 （二）携带危险物品、管制器具；
 （三）侮辱、殴打、威胁国家机关工作人员，或者非法限制他人人身自由；
 （四）在信访接待场所滞留、滋事，或者将生活不能自理的人弃留在信访接待场所；
 （五）煽动、串联、胁迫、以财物诱使、幕后操纵他人信访或者以信访为名借机敛财；
 （六）采取自残、自杀等过激行为；
 （七）以信访为名散布谣言，从事迷信、邪教等活动；
 （八）扰乱公共秩序、妨害国家和公共安全的其他行为。"
海南省防震减灾条例(2007修正),"第五十三条 违反本条例规定，有下列行为之一的，对有关责任人给予行政处分；属于违反治安管理行为的，依照《中华人民共和国治安管理处罚法》的规定给予处罚；构成犯罪的，依法追究刑事责任：
 （一）虚报、瞒报灾情的；
 （二）编造地震、火山谣言，蛊惑群众的；
 （三）贪污、截留、挪用防震减灾资金或者物资的；
 （四）有特定责任的国家工作人员在防震减灾工作中不执行命令或者玩忽职守的；
 （五）破坏地震、火山监测设施或者观测环境的；
 （六）盗窃、哄抢防震减灾资金、物资的；
 （七） 在地震、火山应急与救灾期间，阻碍灾区地震监测人员、抗震救灾人员执行公务的。"
江西省防震减灾条例(2007修订),"第十六条 省人民政府应当依照国家发布地震预报的规定，统一向社会及时发布地震预报。新闻媒体刊登或者播发地震预报消息，应当以国务院、省人民政府发布的地震预报为准。 对造成或者可能造成社会秩序混乱的地震谣言，各级人民政府应当迅速采取措施，予以澄清。
"
上海市人民代表大会常务委员会关于控制传染性非典型肺炎传播的决定,"五、公安、物价、工商行政、质量技术监督、卫生、药品监管等部门应当切实维护社会秩序，加强市场监管，对利用“非典”散布谣言、发布虚假信息扰乱社会秩序，哄抬物价或者从事其他欺骗性商业活动，辱骂、殴打医务人员和执法人员的，依法予以惩处。
"
山西省防震减灾条例(2002修订),"第五十二条 有下列行为之一，依照《中华人民共和国治安管理处罚条例》处罚；构成犯罪的，依法追究刑事责任： 
 （一）散布地震谣言，扰乱社会秩序的；
 （二）阻碍抗震救灾人员执行职务的；
 （三）哄抢公私财物的；
 （四）盗窃、贪污、挪用救灾资金或物资的；
 （五）损毁生命线工程或次生灾害源防护设施的。"
浙江省实施《中华人民共和国防震减灾法》办法,"第十四条 任何单位和个人不得制造、传播地震谣言。 因地震谣言影响社会正常秩序的，县级以上地震主管部门应当迅速采取措施予以澄清，其他有关部门和新闻媒体应当予以配合、协助，公安机关应当依法进行查处。
"
重庆市防震减灾条例,"第二十六条 违反本条例规定，有下列行为之一的，由其所在单位或上级主管部门给予行政处分；违反治安管理行为的，依照《中华人民共和国治安管理处罚条例》的规定给予处罚；构成犯罪的，依法追究刑事责任；造成经济损失的，依法承担赔偿责任。
 (一)擅自发布、散布或泄露地震预测预报意见的；
 (二)制造、散布地震谣言，扰乱社会正常秩序的；
 (三)实施第十二条规定的爆破作业未向地震主管部门报告并未按规定向社会发布信息的；
 (四)破坏地震监测设施的；"
安徽省防震减灾条例(2002修改),"第十五条 任何单位或个人不得对外泄露地震短期和临震预报信息。与地震预报有关的宣传报道，按国家规定执行。 对地震传言、谣言，县级以上人民政府应当迅速采取措施，予以澄清。
"
湖南省城市人民警察巡逻条例(2002修正),"第十七条 有下列扰乱公共秩序行为之一的，处15日以下拘留、200元以下罚款或者警告：
 (一)扰乱道路及公共广场秩序的；
 (二)结伙斗殴、寻衅滋事、侮辱妇女或者进行其他流氓活动的；
 (三)捏造或者歪曲事实、故意散布谣言或者以其他方法煽动扰乱社会秩序的；
 (四)谎报险情、制造混乱的；
 (五)拒绝、阻碍国家工作人员依法执行职务。未使用暴力、威胁方法的。"
辽宁省电信管理条例,"第二十四条 互联网上网服务营业场所经营者和上网用户不得利用互联网上网服务营业场所制作、复制、查阅、发布、传播危害国家安全，损害国家利益和荣誉，破坏民族团结和国家宗教政策，宣扬邪教和迷信，散布谣言，破坏社会稳定，散布淫秽、色情、赌博、暴力、凶杀、恐怖或者教唆犯罪，侮辱或者诽谤他人以及其他法律法规禁止的信息。
"
江西省实施《中华人民共和国防洪法》办法,"第五十一条 有下列行为之一，构成犯罪的，依法追究刑事责任；尚不构成犯罪，应当给予治安管理处罚的，依照《中华人民共和国治安管理处罚条例》的规定处罚：
 （一）阻碍、威胁防汛指挥机构、水行政主管部门工作人员依法执行职务的；
 （二）谎报洪水险情，故意散布谣言，扰乱社会秩序的。"
北京市实施《中华人民共和国防震减灾法》办法,"第四十三条 违反本办法第十四条的规定，从事地震工作的专业人员擅自向社会散布地震预测意见的，由市地震行政主管部门依法给予行政处分。制造地震谣言，扰乱社会正常秩序的，由公安机关依法给予治安管理处罚。
"
西藏自治区实施《中华人民共和国防震减灾法》办法,"第八条 地震预报实行统一发布制度。自治区地震行政主管部门负责提出本行政区域内破坏性地震短期、临震预测意见，由自治区人民政府按有关规定统一发布。
 地震工作专业人员不得擅自向社会泄露地震预测意见。
 鼓励和支持地震预测的科学研究和应用。任何单位或个人不得擅自向社会发布地震短期和临震预报信息，不得散布地震谣言。发生地震谣言，影响社会正常秩序时，县级以上人民政府应当采取措施，迅速予以澄清。
 与地震预报有关的新闻报道，应当经自治区地震行政主管部门审核。"
河北省实施《中华人民共和国防震减灾法》办法,"第四十四条 违反本办法规定，有下列行为之一的，对直接责任人员和主管人员由其所在单位或上级主管部门给予行政处分；属于违反治安管理规定行为的，依照《中华人民共和国治安管理处罚条例》的规定给予处罚；构成犯罪的，依法追究刑事责任：
 （一）擅自向社会散布地震预测预报意见的；
 （二）制造地震谣言，扰乱社会正常秩序的；
 （三）故意虚报、瞒报地震灾情的；
 （四）截留、挪用防震减灾资金、物资的；
 （五）盗窃、哄抢公共财物和个人财物以及防震减灾资金、物资的；
 （六）在地震应急与抗震救灾期间，妨碍国家工作人员执行公务的；
 （七）国家工作人员在防震减灾工作中玩忽职守，滥用职权，徇私舞弊的；
 （八）负有特定责任的国家工作人员在抗震救灾工作中擅离职守、临阵脱逃的。"
宁夏回族自治区防震减灾条例,"第四十五条 违反本条例，有下列行为之一的，由公安机关依照《中华人民共和国治安管理处罚条例》处理；构成犯罪的，依法追究刑事责任：
 （一）故意散布地震谣言或擅自向社会扩散地震预测意见，扰乱社会秩序的；
 （二）阻碍防震减灾工作人员执行公务的；
 （三）阻挠抗震救灾指挥部紧急调用人员、物资或者占用场地的；
 （四）对防震减灾工作造成危害，应由公安机关处罚的其他违法行为。"
江西省反不正当竞争条例,"第十六条 经营者不得以下列手段捏造、散布虚假事实，损害竞争对手的商业信誉、商品声誉：
 （一）就商品的质量、性能、价格交易条件等与其他经营者的同类商品作对比宣传，或者刊登、散布声明性广告；
 （二）以客户、消费者的名义或者指使他人以客户、消费者的名义，向国家机关、传播媒介、行业组织进行投诉；
 （三）散布谣言、散发传单或者其他宣传品；
 （四）其他诋毁竞争对手的行为。"
黑龙江省防震减灾条例,"第四十一条 制造地震谣言，散布地震情报，造成社会危害，构成犯罪的，依法追究刑事责任；尚不构成犯罪的，由有关部门给予行政处罚。
"
甘肃省防震减灾条例(1998),"第三十三条 违反本条例有下列行为之一的由有关行政机关给予行政处分；违反治安管理的，依照治安管理处罚条例给予处罚；构成犯罪的，依法追究刑事责任：
 （一）不按照本条例制定破坏性地震应急预案的；
 （二）擅自发布或泄露地震短期和临震预测预报意见，或制造地震谣言，严重扰乱社会秩序的；
 （三）违抗抗震救灾指挥机构命令，拒不实施破坏性地震应急预案，拒不承担地震应急与救灾任务的；
 （四）妨碍防震减灾工作人员执行公务，哄抢国家、集体或公民的财产、盗窃救灾经费或物资的；
 （五）防震减灾工作人员和有关国家工作人员失职渎职，截留挪用或贪污盗窃地震应急工作经费或物资的；
 （六）对防震减灾工作造成危害的其他行为。"
海南省防震减灾条例,"第四十九条 违反本条例规定，有下列行为之一的，对有关责任人给予行政处分；属于违反治安管理行为的，依照治安管理处罚条例的规定给予处罚；构成犯罪的，依法追究刑事责任：
 （一）虚报、瞒报灾情的；
 （二）编造地震谣言，蛊惑群众的；
 （三）贪污、截留、挪用防震减灾资金或物资的；
 （四）有特定责任的国家工作人员在防震减灾工作中不执行命令或者玩忽职守的；
 （五）破坏地震监测设施或者观测环境的；
 （六）盗窃、哄抢防震减灾资金、物资的；
 （七）在地震应急与救灾期间，阻碍灾区地震监测人员、抗震救灾人员执行公务的。"
吉林省人民代表大会常务委员会关于修改《吉林省信访条例》的决定,"二、将第三十条第六项中规定“制造谣言，诽谤、攻击共产党的领导和社会主义制度的”内容删除。
"
广东省实施《中华人民共和国反不正当竞争法》办法(1997修改),"第九条 经营者不得采取下列手段，损害竞争对手的商业信誉和商品声誉：
 （一）刊登对比性或者声明性广告，贬低竞争对手；
 （二）利用商品说明书吹嘘其商品质量，贬低竞争对手；
 （三）在公开场合散发传单或者小册子，对竞争对手的生产、销售、服务、产品质量等进行诋毁；
 （四）自己或者唆使、雇佣他人，以客户或者消费者的名义向国家机关、新闻单位、行业协会、消费者组织等有关部门作虚假的投诉；
 （五）以其他公开或者非公开的形式向用户和消费者捏造事实、散布谣言，贬低竞争对手。"
福建省防震减灾条例,"第三十二条 擅自向社会扩散地震预测意见或制造、散布地震谣言，造成社会秩序混乱，违反治安管理行为的，由公安机关依法处罚；构成犯罪的，依法追究刑事责任。
"
哈尔滨市人民警察巡察条例(1997修改),"第十二条 有下列扰乱公共秩序行为之一，尚不够刑事处罚的，处十五日以下拘留、二百元以下罚款或者警告：
 （一）扰乱公共场所和公共电汽车站点秩序的；
 （二）结伙斗殴，寻衅滋事，侮辱妇女或者进行其他流氓活动的；
 （三）捏造或者歪曲事实、故意散布谣言或者以其他方法煽动扰乱社会秩序的；
 （四）谎报险情，制造混乱的；
 （五）拒绝、阻碍国家机关工作人员依法执行职务，尚未使用暴力、威胁方法的。"
河北省实施《中华人民共和国防震减灾法》办法,"第四十四条 违反本办法规定，有下列行为之一的，对直接责任人员和主管人员由其所在单位或上级主管部门给予行政处分；属于违反治安管理规定行为的，依照《中华人民共和国治安管理处罚条例》的规定给予处罚；构成犯罪的，依法追究刑事责任：
 （一）擅自向社会散布地震预测预报意见的；
 （二）制造地震谣言，扰乱社会正常秩序的；
 （三）故意虚报、瞒报地震灾情的；
 （四）截留、挪用防震减灾资金、物资的；
 （五）盗窃、哄抢公共财物和个人财物以及防震减灾资金、物资的；
 （六）在地震应急与抗震救灾期间，妨碍国家工作人员执行公务的；
 （七）国家工作人员在防震减灾工作中玩忽职守，滥用职权，徇私舞弊的；
 （八）负有特定责任的国家工作人员在抗震救灾工作中擅离职守、临阵脱逃的。"
宁夏回族自治区防震减灾条例,"第四十五条 违反本条例，有下列行为之一的，由公安机关依照《中华人民共和国治安管理处罚条例》处理；构成犯罪的，依法追究刑事责任：
 （一）故意散布地震谣言或擅自向社会扩散地震预测意见，扰乱社会秩序的；
 （二）阻碍防震减灾工作人员执行公务的；
 （三）阻挠抗震救灾指挥部紧急调用人员、物资或者占用场地的；
 （四）对防震减灾工作造成危害，应由公安机关处罚的其他违法行为。"
江西省反不正当竞争条例,"第十六条 经营者不得以下列手段捏造、散布虚假事实，损害竞争对手的商业信誉、商品声誉：
 （一）就商品的质量、性能、价格交易条件等与其他经营者的同类商品作对比宣传，或者刊登、散布声明性广告；
 （二）以客户、消费者的名义或者指使他人以客户、消费者的名义，向国家机关、传播媒介、行业组织进行投诉；
 （三）散布谣言、散发传单或者其他宣传品；
 （四）其他诋毁竞争对手的行为。"
黑龙江省防震减灾条例,"第四十一条 制造地震谣言，散布地震情报，造成社会危害，构成犯罪的，依法追究刑事责任；尚不构成犯罪的，由有关部门给予行政处罚。
"
甘肃省防震减灾条例(1998),"第三十三条 违反本条例有下列行为之一的由有关行政机关给予行政处分；违反治安管理的，依照治安管理处罚条例给予处罚；构成犯罪的，依法追究刑事责任：
 （一）不按照本条例制定破坏性地震应急预案的；
 （二）擅自发布或泄露地震短期和临震预测预报意见，或制造地震谣言，严重扰乱社会秩序的；
 （三）违抗抗震救灾指挥机构命令，拒不实施破坏性地震应急预案，拒不承担地震应急与救灾任务的；
 （四）妨碍防震减灾工作人员执行公务，哄抢国家、集体或公民的财产、盗窃救灾经费或物资的；
 （五）防震减灾工作人员和有关国家工作人员失职渎职，截留挪用或贪污盗窃地震应急工作经费或物资的；
 （六）对防震减灾工作造成危害的其他行为。"
海南省防震减灾条例,"第四十九条 违反本条例规定，有下列行为之一的，对有关责任人给予行政处分；属于违反治安管理行为的，依照治安管理处罚条例的规定给予处罚；构成犯罪的，依法追究刑事责任：
 （一）虚报、瞒报灾情的；
 （二）编造地震谣言，蛊惑群众的；
 （三）贪污、截留、挪用防震减灾资金或物资的；
 （四）有特定责任的国家工作人员在防震减灾工作中不执行命令或者玩忽职守的；
 （五）破坏地震监测设施或者观测环境的；
 （六）盗窃、哄抢防震减灾资金、物资的；
 （七）在地震应急与救灾期间，阻碍灾区地震监测人员、抗震救灾人员执行公务的。"
吉林省人民代表大会常务委员会关于修改《吉林省信访条例》的决定,"二、将第三十条第六项中规定“制造谣言，诽谤、攻击共产党的领导和社会主义制度的”内容删除。
"
广东省实施《中华人民共和国反不正当竞争法》办法(1997修改),"第九条 经营者不得采取下列手段，损害竞争对手的商业信誉和商品声誉：
 （一）刊登对比性或者声明性广告，贬低竞争对手；
 （二）利用商品说明书吹嘘其商品质量，贬低竞争对手；
 （三）在公开场合散发传单或者小册子，对竞争对手的生产、销售、服务、产品质量等进行诋毁；
 （四）自己或者唆使、雇佣他人，以客户或者消费者的名义向国家机关、新闻单位、行业协会、消费者组织等有关部门作虚假的投诉；
 （五）以其他公开或者非公开的形式向用户和消费者捏造事实、散布谣言，贬低竞争对手。"
福建省防震减灾条例,"第三十二条 擅自向社会扩散地震预测意见或制造、散布地震谣言，造成社会秩序混乱，违反治安管理行为的，由公安机关依法处罚；构成犯罪的，依法追究刑事责任。
"
哈尔滨市人民警察巡察条例(1997修改),"第十二条 有下列扰乱公共秩序行为之一，尚不够刑事处罚的，处十五日以下拘留、二百元以下罚款或者警告：
 （一）扰乱公共场所和公共电汽车站点秩序的；
 （二）结伙斗殴，寻衅滋事，侮辱妇女或者进行其他流氓活动的；
 （三）捏造或者歪曲事实、故意散布谣言或者以其他方法煽动扰乱社会秩序的；
 （四）谎报险情，制造混乱的；
 （五）拒绝、阻碍国家机关工作人员依法执行职务，尚未使用暴力、威胁方法的。"
福建省保护妇女儿童合法权益的若干规定(1989修正),"制造、散布谣言，煽动妇女取环，严重妨碍计划生育工作的，按《刑法》第一百五十八条扰乱社会秩序罪惩处。
"
广东省计划生育条例,"第二十二条 对不实行计划生育的，非法取环的，要进行批评教育，教育不改、影响很坏的，要给予纪律处分。 对利用职权，徇私舞弊，或散布谣言，打击陷害计划生育工作人员、积极分子等破坏计划生育者，要严肃处理，造成严重恶果的，依法惩处。
"
吉林省人民警察巡察条例,"第十二条 违反治安管理，有下列行为之一的，处１５日以下拘留、２００元以下罚款或者警告：… （四）捏造或者歪曲事实，故意散布谣言或者以其他方式方法煽动扰乱社会秩序的；…
"
贵州省实施《中华人民共和国集会游行示威法》办法(1997修改),"第五条 集会、游行、示威应当和平地进行，不得扰乱社会治安、阻塞交通；不得涂写刻画；不得制造散布谣言、侮辱诽谤他人；不得破坏公共设施；不得携带武器、管制刀具和易燃易爆等危害公共安全的物品；不得使用暴力或者煽动使用暴力；不得以引诱、胁迫手段威逼他人参加。
"
江西省实施《中华人民共和国集会游行示威法》办法(1997修正),"第十八条 参加集会、游行、示威的人员必须严格遵守本办法第五条规定，并禁止下列行为：
 （一）包围、冲击国家机关或者妨碍国家机关的公务活动；
 （二）散布谣言或者发表、呼喊和举持与集会、游行、示威目的不相符的以及有诽谤、侮辱性语言的演说、口号和标语；
 （三）沿途刻画、涂写或张贴标语，抛撒宣传品；
 （四）侵占、损毁绿地、园林、公共设施；
 （五）拦截车辆，阻塞交通，破坏交通工具和交通设施，扰乱交通秩序。"
湖南省城市人民警察巡逻条例(1997修正),"第十七条 有下列扰乱公共秩序行为之一的，处１５日以下拘留、２００元以下罚款或者警告：
 （一）扰乱道路及公共广场秩序的；
 （二）结伙斗殴、寻衅滋事、侮辱妇女或者进行其他流氓活动的；
 （三）捏造或者歪曲事实、故意散布谣言或者以其他方法煽动扰乱社会秩序的；
 （四）谎报险情、制造混乱的；
 （五）拒绝、阻碍国家工作人员依法执行职务，未使用暴力、威胁方法的。"
湖北省分洪区安全建设与管理条例,"第三十二条 违反本条例有下列行为之一的，由县级以上防汛指挥部门或分洪区管理部门批评教育，责令其停止违法行为，情节严重的，由行政主管部门或行政监察机关追究责任单位主要负责人和直接责任人的责任。构成犯罪的，由司法机关追究刑事责任。
 （一）拒不执行防御洪水方案，或拒不执行防汛指挥部门的分洪命令的；
 （二）阻碍执行防洪任务的；
 （三）执行分洪命令不力或滥发命令、散布谣言造成人心恐慌及财产损失的；
 （四）玩忽职守，或在分洪紧要关头脱逃的；
 （五）截留、挪用、挤占、贪污、盗窃分洪区建设、管理资金及分洪救灾款物的；
 （六）侵占、破坏、盗窃分洪区安全设施的。"
青海省信访条例,"第三十三条 信访人有下列行为之一，情节轻微的，应予以批评教育或者处分；违反治安管理的，由公安部门依照《中华人民共和国治安管理处罚条例》予以处罚；构成犯罪的，依法追究刑事责任：
 （一）歪曲或者捏造事实，诬告和陷害他人的；
 （二）影响国家机关工作秩序，损害接待场所的公私财物，威胁、侮辱、殴打工作人员的；
 （三）拦截公务车辆，围堵、冲击国家机关，妨碍公共秩序，影响正常公务活动进行的，或者占据公共场所，聚众闹事的；
 （四）携带危险品、爆炸品以及管制器械进入接待场所的；
 （五）诱使、胁迫他人信访，或者制造谣言、煽动群众集体上访的；
 （六）有其他违法、犯罪行为的。"
山西省防震减灾暂行条例,"第四十九条 有下列行为之一，依照《中华人民共和国治安管理处罚条例》予以处罚；构成犯罪的，依法追究刑事责任：
 （一）散布地震谣言，扰乱社会秩序的；
 （二）阻碍抗震救灾人员执行公务的；
 （三）哄抢国家、集体或公民财物的；
 （四）盗窃、贪污、挪用防震减灾资金和物资的；
 （五）损毁生命线工程和次生灾害源防护设施的。"
四川省防震减灾条例,"第四十四条 违反本条例，有下列行为之一的，由公安机关按《中华人民共和国治安管理处罚条例》予以处罚；构成犯罪的，由司法机关依法追究其刑事责任：
 （一）制造或散布地震谣言，造成社会秩序混乱的；
 （二）破坏地震监测设施及观测环境的；
 （三）在地震应急与救灾期间，妨碍灾区地震监测人员、抗震救灾人员执行公务的；
 （四）盗窃、哄抢防震减灾经费、物资或国家、集体、个人财物的。"
安徽省防震减灾条例,"第三十三条 违反本条例第十三条规定，或制造地震谣言、扰乱社会铁序的单位和个人，由有关部门给予行政处罚；构成犯罪的，依法追究刑事责任。
"
无锡市人民警察巡察条例,"第十九条 有下列扰乱公共秩序行为之一，尚不够刑事处罚的，处十五日以下拘留、二百元以下罚款或者警告：
 （四）结伙斗殴，寻衅滋事，侮辱妇女或者进行其他流氓活动的；
 （五）捏造或者歪曲事实、故意散布谣言或者以其他方法煽动扰乱社会秩序的；
 （六）谎报险情，制造混乱的；
 （七）拒绝、阻碍国家工作人员依法执行职务，未使用暴力、威胁方法的。"
湖南省城市人民警察巡逻条例,"第十七条 有下列扰乱公共秩序行为之一的，处１５日以下拘留、２００元以下罚款或者警告：
 （一）扰乱道路及公共广场秩序的；
 （二）结伙斗殴、寻衅滋事、侮辱妇女或者进行其他流氓活动的；
 （三）捏造或者歪曲事实、故意散布谣言或者以其他方法煽动扰乱社会秩序的；
 （四）谎报险情、制造混乱的；
 （五）拒绝、阻碍国家工作人员依法执行职务，未使用暴力、威胁方法的。"
河南省期货市场管理条例(试行),"第八十七条 期货经纪机构、从事自营业务的期货交易会员有下列行为之一的，由省期货市场行政管理部门根据不同情况，责令改正，单处或并处警告、没收违法所得、罚款；… （十二）散布谣言，制造市场假象；…
"
吉林省信访条例,"第三十条 信访人在信访活动中有下列行为的，由公安部门依照《中华人民共和国治安管理处罚条例》予以处罚或者由民政、信访部门设立的收容教育机构收容遣送，触犯刑律的移送司法机关依法处理：
 （一）无理取闹、纠缠，妨碍公务，扰乱工作秩序、社会秩序的；
 （二）将老、弱、病、残人员或儿童舍弃在国家机关进行要挟的；
 （三）侮辱、殴打信访工作人员的；
 （四）以上访为名，流窜行骗，影响社会治安的；
 （五）携带爆炸物品或者凶器威胁工作人员的；
 （六）制造谣言，诽谤、攻击共产党的领导和社会主义制度的；
 （七）捏造事实，诬告陷害他人的。"
福建省各级人民代表大会常务委员会办理人民群众来信来访工作条例,"第十条 来信来访人员中有下列行为之一的，各级人大常委会可责成有关部门给予批评教育、行政处分，或由民政、公安部门收容遣送、治安处罚或劳动教养，构成犯罪的，由司法机关追究刑事责任：
 （一）无理取闹，不听劝告，妨碍国家机关工作人员执行公务的；
 （二）聚众闹事，影响国家机关正常工作秩序，冲击人民代表大会及其常务委员会的；
 （三）利用各种手段侮辱、威胁、殴打、伤害信访工作人员的；
 （四）利用信访渠道捏造事实诬陷他人、散布谣言或反革命言论的；
 （五）其他违纪违法行为。"
贵州省信访条例,"第二十八条 信访的公民有下列行为之一的，由信访部门予以批评或者建议有关部门给予行政处分；违反《中华人民共和国治安管理处罚条例》的，由公安机关予以处罚；构成犯罪的，由司法机关依法追究刑事责任：
 （一）无理取闹、纠缠或妨碍公务，扰乱工作秩序的；
 （二）不听劝阻，长期滞留于信访部门的；
 （三）侮辱、殴打信访工作人员的；
 （四）散布谣言，捏造事实，诽谤、诬陷他人的；
 （五）携带危险物品上访的；
 （六）其他违纪、违法行为。"
江西省实施《中华人民共和国集会游行示威法》办法,"第十八条 参加集会、游行、示威的人员必须严格遵守本办法第五条规定，并禁止下列行为：
 （一）包围、冲击国家机关或者妨碍国家机关的公务活动；
 （二）散布谣言或者发表、呼喊和举持与集会、游行、示威目的不相符的以及有诽谤、侮辱性语言的演说、口号和标语；
 （三）沿途刻画、涂写或张贴标语，抛撒宣传品；
 （四）侵占、损毁绿地、园林、公共设施；
 （五）拦截车辆，阻塞交通，破坏交通工具和交通设施，扰乱交通秩序。"
贵州省实施《中华人民共和国集会游行示威法》办法,"第五条 集会、游行、示威应当和平地进行，不得扰乱社会治安、阻塞交通；不得涂写刻画；不得制造散布谣言、侮辱诽谤他人；不得破坏公共设施；不得携带武器、管制刀具和易燃易爆等危害公共安全的物品；不得使用暴力或者煽动使用暴力；不得以引诱、胁迫手段威逼他人参加。
"
安徽省实施《中华人民共和国集会游行示威法》办法,"第十八条 举行集会、游行、示威时，严格禁止下列行为：
 （一）使用暴力或煽动使用暴力；
 （二）拦阻车辆、阻塞交通，破坏交通工具或交通设施；
 （三）携带武器、弹药、管制刀具、易燃易爆物及其他足以危害人身、财产安全的物品；
 （四）沿途刻画、涂写或者张贴宣传品，侵占、损毁绿地、园林、公共设施、公私财物；
 （五）投掷妨碍公共秩序或危害人身安全的物品；
 （六）诽谤、侮辱他人或者制造、传播谣言、扰乱公共秩序；
 （七）在桥梁、铁路道口停留或集会，或以静坐方式举行示威活动；
 （八）进行其他违法犯罪活动或者煽动他人进行违法犯罪活动。"
福建省保护妇女儿童合法权益的若干规定(1989修正),"制造、散布谣言，煽动妇女取环，严重妨碍计划生育工作的，按《刑法》第一百五十八条扰乱社会秩序罪惩处。
"
广东省计划生育条例,"第二十二条 对不实行计划生育的，非法取环的，要进行批评教育，教育不改、影响很坏的，要给予纪律处分。 对利用职权，徇私舞弊，或散布谣言，打击陷害计划生育工作人员、积极分子等破坏计划生育者，要严肃处理，造成严重恶果的，依法惩处。
"
